School,Location,Closest Store,Store Address,Driving Distance (miles),Bus Distance (miles),Percent in Poverty,Zip Code,Poverty Groups
Allison Elementary,Austin,H-E-B,"2110 W Slaughter Ln, Austin",1.0,1.3,92.0,78748,90-100
Andrews Elementary School,Austin,H-E-B,"7112 Ed Bluestein Blvd #125, Austin",1.2,1.6,91.02,78723,90-100
Becker Elementary School,Austin,H-E-B,"2400 S Congress Ave, Austin",1.3,1.3,64.52,78704,60-69
Blackshear Elementary School,Austin,H-E-B,"2701 E 7th St, Austin",1.2,1.2,82.49,78702,80-89
Blanton Elementary,Austin,H-E-B,"1801 E 51st St, Austin",1.0,1.1,65.23,78723,60-69
Brooke Elementary School,Austin,H-E-B,"2701 E 7th St, Austin",0.6,0.7,92.22,78702,90-100
T.A. Brown Elementary School,Austin,Walmart Supercenter,"1030 Norwood Park Boulevard, Austin",1.6,1.7,89.63,78752,90-100
Campbell Elementary,Austin,Fiesta Mart,"3909 North Interstate 35 Frontage Road, Austin",1.1,1.4,81.45,78722,80-89
Cunningham Elementary School,Austin,H-E-B,"600 W William Cannon Dr, Austin",2.0,2.0,45.89,78745,40-49
Dawson Elementary School,Austin,H-E-B,"2400 S Congress Ave, Austin",1.0,1.0,70.92,78704,70-79
Govalle Elementary School,Austin,H-E-B,"2701 E 7th St, Austin",1.6,1.4,89.95,78702,90-100
Harris Elementary School,Austin,H-E-B,"1801 E 51st St, Austin",1.3,1.4,91.71,78723,90-100
Joslin Elementary School,Austin,Randalls,"2025 W Ben White Blvd, Austin",0.2,0.2,65.7,78745,60-69
Mathews Elementary School,Austin,Whole Foods Market,"525 North Lamar Boulevard, Austin",1.0,1.1,33.93,78703,< 40
Metz Elementary School,Austin,H-E-B,"2701 E 7th St, Austin",1.0,1.1,89.9,78702,90-100
Oak Springs Elementary School,Austin,H-E-B,"2701 E 7th St, Austin",1.2,1.2,95.75,78702,90-100
Ortega Elementary School,Austin,H-E-B,"2701 E 7th St, Austin",2.7,3.0,82.64,78721,80-89
Sanchez Elementary School,Austin,H-E-B,"2701 E 7th St, Austin",1.0,1.1,94.83,78702,90-100
Pecan Springs Elementary School,Austin,H-E-B,"7112 Ed Bluestein Blvd #125, Austin",1.3,1.7,89.57,78723,90-100
Reilly Elementary School,Austin,H-E-B,"5808 Burnet Rd, Austin",1.6,1.9,69.78,78745,70-79
Ridgetop Elementary School,Austin,H-E-B,"1000 E 41st St, Austin",0.9,1.5,43.01,78752,40-49
St. Elmo Elementary School,Austin,Supermercado Poco Loco,"611 West Ben White Boulevard, Austin",0.5,0.5,77.29,78751,70-79
Sims Elementary School,Austin,H-E-B,"1801 E 51st St, Austin",2.3,2.9,92.31,78745,90-100
Travis Heights Elementary School,Austin,H-E-B,"2400 S Congress Ave, Austin",0.9,1.1,71.2,78721,70-79
Walnut Creek Elementary School,Austin,H-E-B,"9414 N Lamar Blvd, Austin",1.7,1.8,89.91,78704,90-100
Wooten Elementary School,Austin,Walmart Supercenter,"2525 West Anderson Lane, Austin",1.2,1.6,90.64,78753,90-100
Zavala Elementary School,Austin,H-E-B,"2701 E 7th St, Austin",0.7,0.8,90.99,78757,90-100
Menchaca Elementary School,Austin,H-E-B,"2110 W Slaughter Ln, Austin",2.8,2.7,42.84,78702,40-49
Oak Hill Elementary School,Austin,H-E-B,"7010 TX-71, Austin",1.2,2.6,40.59,78748,40-49
Barrington Elementary School,Austin,H-E-B,"9414 N Lamar Blvd, Austin",0.4,0.6,93.09,78735,90-100
Norman Elementary School,Austin,H-E-B,"1801 E 51st St, Austin",3.0,3.1,92.81,78753,90-100
Pillow Elementary School,Austin,Walmart Supercenter,"2525 West Anderson Lane, Austin",1.3,1.4,71.05,78721,70-79
Wooldridge Elementary School,Austin,H-E-B,"9414 N Lamar Blvd, Austin",1.3,1.3,91.84,78757,90-100
Odom Elementary School,Austin,H-E-B,"600 W William Cannon Dr, Austin",0.9,0.9,80.89,78758,80-89
Winn Elementary School,Austin,H-E-B,"7112 Ed Bluestein Blvd #125, Austin",0.2,0.2,90.63,78745,90-100
Sunset Valley Elementary School,Austin,Randalls,"2025 W Ben White Blvd, Austin",1.4,1.4,63.52,78723,60-69
Graham Elementary School,Austin,H-E-B,"9414 N Lamar Blvd, Austin",2.8,2.9,86.91,78745,80-89
Linder Elementary School,Austin,Walmart Supercenter,"710 East Ben White Boulevard, Austin",1.8,1.6,91.18,78753,90-100
Katherine A Cook Elementary School,Austin,H-E-B,"9414 N Lamar Blvd, Austin",1.4,1.5,92.52,78741,90-100
Josephine Houston Elementary School,Austin,Fiesta Mart,"5510 Interstate 35, Austin",0.9,1.1,93.54,78758,90-100
Hart Elementary School,Austin,Walmart Supercenter,"1030 Norwood Park Boulevard, Austin",0.5,0.7,97.39,78744,90-100
Pickle Elementary School,Austin,Walmart Supercenter,"1030 Norwood Park Boulevard, Austin",1.5,2.0,95.47,78753,90-100
Mc Bee Elementary School,Austin,H-E-B,"9414 N Lamar Blvd, Austin",1.8,2.0,93.01,78752,90-100
Williams Elementary School,Austin,H-E-B,"600 W William Cannon Dr, Austin",1.5,1.6,73.45,78758,70-79
Langford Elementary School,Austin,H-E-B,"6607 S IH 35 Frontage Rd, Austin",1.0,0.9,94.29,78748,90-100
Boone Elementary School,Austin,H-E-B,"6900 Brodie Ln, Austin",1.4,1.5,42.68,78744,40-49
Palm Elementary School,Austin,H-E-B,"6607 S IH 35 Frontage Rd, Austin",3.2,3.5,83.54,78749,80-89
Kocurek Elementary School,Austin,H-E-B,"2110 W Slaughter Ln, Austin",1.1,1.2,60.95,78744,60-69
Casey Elementary School,Austin,H-E-B,"2110 W Slaughter Ln, Austin",0.9,1.1,54.22,78748,50-59
Rodriguez Elementary School,Austin,Fiesta Mart,"5510 Interstate 35, Austin",1.8,2.0,96.83,78748,90-100
Widen Elementary School,Austin,Fiesta Mart,"5510 Interstate 35, Austin",1.9,2.4,93.41,78744,90-100
Galindo Elementary School,Austin,Supermercado Poco Loco,"611 West Ben White Boulevard, Austin",0.7,0.7,88.25,78744,80-89
Uphaus Early Childhood Center,Austin,Fiesta Mart,"5510 Interstate 35, Austin",1.2,1.5,80.88,78704,80-89
Barbara Jordan Elementary School,Austin,H-E-B,"7112 Ed Bluestein Blvd #125, Austin",1.9,2.6,94.03,78744,90-100
Blazier Elementary School,Austin,H-E-B,"6607 S IH 35 Frontage Rd, Austin",3.9,5.1,69.76,78724,70-79
Dr. Guerrero-Thompson Elementary School,Austin,H-E-B,"9414 N Lamar Blvd, Austin",0.6,0.7,96.27,78744,90-100
Padrón Elementary School,Austin,H-E-B,"9414 N Lamar Blvd, Austin",1.5,1.5,94.62,78753,90-100
Overton Elementary School,Austin,H-E-B,"7112 Ed Bluestein Blvd #125, Austin",2.8,3.8,94.68,78758,90-100
Perez Elementary School,Austin,H-E-B,"6607 S IH 35 Frontage Rd, Austin",2.6,2.5,88.01,78724,80-89
Webb Primary School,Austin,Walmart Supercenter,"1030 Norwood Park Boulevard, Austin",1.8,4.8,97.48,78744,90-100
